{
  "images" : [
    {
      "extent" : "full-screen",
      "filename" : "iPhone 6 Plus.png",
      "idiom" : "iphone",
      "minimum-system-version" : "8.0",
      "orientation" : "portrait",
      "scale" : "3x",
      "subtype" : "736h"
    },
    {
      "extent" : "full-screen",
      "filename" : "iPhone 6.png",
      "idiom" : "iphone",
      "minimum-system-version" : "8.0",
      "orientation" : "portrait",
      "scale" : "2x",
      "subtype" : "667h"
    },
    {
      "extent" : "full-screen",
      "idiom" : "iphone",
      "minimum-system-version" : "7.0",
      "orientation" : "portrait",
      "scale" : "2x"
    },
    {
      "extent" : "full-screen",
      "filename" : "iPhone SE-1.png",
      "idiom" : "iphone",
      "minimum-system-version" : "7.0",
      "orientation" : "portrait",
      "scale" : "2x",
      "subtype" : "retina4"
    },
    {
      "extent" : "full-screen",
      "filename" : "iPad Portrait-1.png",
      "idiom" : "ipad",
      "minimum-system-version" : "7.0",
      "orientation" : "portrait",
      "scale" : "1x"
    },
    {
      "extent" : "full-screen",
      "idiom" : "ipad",
      "minimum-system-version" : "7.0",
      "orientation" : "landscape",
      "scale" : "1x"
    },
    {
      "extent" : "full-screen",
      "idiom" : "ipad",
      "minimum-system-version" : "7.0",
      "orientation" : "portrait",
      "scale" : "2x"
    },
    {
      "extent" : "full-screen",
      "idiom" : "ipad",
      "minimum-system-version" : "7.0",
      "orientation" : "landscape",
      "scale" : "2x"
    },
    {
      "extent" : "full-screen",
      "filename" : "iPhone 4.png",
      "idiom" : "iphone",
      "orientation" : "portrait",
      "scale" : "1x"
    },
    {
      "extent" : "full-screen",
      "filename" : "iPhone 4S-1.png",
      "idiom" : "iphone",
      "orientation" : "portrait",
      "scale" : "2x"
    },
    {
      "extent" : "full-screen",
      "filename" : "iPad Pro Portrait-1.png",
      "idiom" : "ipad",
      "orientation" : "portrait",
      "scale" : "2x"
    },
    {
      "idiom" : "iphone",
      "minimum-system-version" : "7.0",
      "orientation" : "portrait",
      "scale" : "2x"
    },
    {
      "idiom" : "iphone",
      "minimum-system-version" : "7.0",
      "orientation" : "portrait",
      "scale" : "2x",
      "subtype" : "retina4"
    },
    {
      "extent" : "full-screen",
      "filename" : "iPhone SE.png",
      "idiom" : "iphone",
      "minimum-system-version" : "7.0",
      "orientation" : "portrait",
      "scale" : "2x",
      "subtype" : "retina4",
      "unassigned" : true
    },
    {
      "extent" : "full-screen",
      "filename" : "iPad Portrait.png",
      "idiom" : "ipad",
      "minimum-system-version" : "7.0",
      "orientation" : "portrait",
      "scale" : "1x",
      "unassigned" : true
    },
    {
      "extent" : "full-screen",
      "filename" : "iPhone 4S.png",
      "idiom" : "iphone",
      "orientation" : "portrait",
      "scale" : "2x",
      "unassigned" : true
    },
    {
      "extent" : "full-screen",
      "filename" : "iPad Pro Portrait.png",
      "idiom" : "ipad",
      "orientation" : "portrait",
      "scale" : "2x",
      "unassigned" : true
    }
  ],
  "info" : {
    "author" : "xcode",
    "version" : 1
  }
}
